Deal ID,Deal Name,Company name,"Macro Geo (NYC, SF, CHS, DC, LA, NASH, DEN)",Company Domain Name,Restaurant Address
19085598772,BRY'S BAGELS,BRY'S BAGELS,LA,brysbagels.com,
19085633370,"CREPES & SHAKES LA,","CREPES & SHAKES LA,",LA,,
19085659914,LUMPIA MANIA,LUMPIA MANIA,LA,lumpiamania.com,905 East Arrow Highway
19085659915,Made in New York Pizza West Village,Made in New York Pizza West Village,NYC,madeinnewyorkpizza.com,271 Amsterdam Ave
19085708817,LIMONÉ MEDITERRANEAN,LIMONÉ MEDITERRANEAN,LA,limonemediterranean.com,
19085722687,Made in New York Pizza UWS 271,Made in New York Pizza UWS 271,NYC,,
19085792605,THE TACO MAN,THE TACO MAN,LA,thetacoman.com,2502 South Euclid Avenue
19086594956,Rowdy Rooster Midtown,Rowdy Rooster (Midtown),NYC,uafoods.nyc,149 1st Avenue
19086686519,Made in New York Pizza Midtown,Made in New York Pizza Midtown,NYC,,
19086693008,PENNY COFFEE ROASTER,PENNY COFFEE ROASTER,LA,pennycoffeeroasters.com,905 East Arrow Highway
19086706215,Peter Luger,Peter Luger,,peterluger.com,178 Broadway
19086733159,BOBA BREAK TEA HOUSE,BOBA BREAK TEA HOUSE,LA,bobabreak.online,
19086785188,Made in New York Pizza UWS 421,Made in New York Pizza UWS 421,NYC,,
19086843414,Empellon Taqueria Waterline Square,Empellon Taqueria Waterline Square,NYC,,
19086843415,Frenchette,Frenchette Group,Manhattan,frenchettenyc.com,"241 W Broadway, New York, NY 10013"
19086892358,DOG HAUS,Dog Haus,LA,doghaus.com,93 E Green St
19086892359,THE GOLDEN EATERY,THE GOLDEN EATERY,LA,thegoldeneatery.com,201 East 4th Street
19086909768,BUSHI BY JINYA,BUSHI BY JINYA,LA,bushibyjinya.com,905 East Arrow Highway
19086909771,SMOG CITY BREWING,SMOG CITY BREWING,LA,smogcitybrewing.com,1901 Del Amo Boulevard
19086923915,Noz Market,Noz Market,NYC,nozmarket.com,
19385782080,Javelina Union Square,Javelina Union Square,NYC,javelinatexmex.com,119 East 18th Street
19441711186,Upside Pizza Midtown East ,Upside Pizza Midtown East,NYC,upsidepizza.com,
19441711985,Upside Pizza - UWS ,Upside Pizza - UWS,NYC,upsidepizza.com,
19441712254,Upside Pizza Chelsea ,Upside Pizza Chelsea,NYC,upsidepizza.com,
19441836358,Upside Pizza Greenpoint ,Upside Pizza Greenpoint,NYC,upsidepizza.com,
19441837206,Upside Pizza Garment District ,Upside Pizza Garment District,NYC,upsidepizza.com,640 Manhattan Avenue
19854499001,Rowdy Rooster (EV),Rowdy Rooster (EV),NYC,uafoods.nyc,149 1st Ave.
19933589089,Outer Heaven ,Outer Heaven,NYC,outerheaven.nyc,191 Chrystie Street
20406434824,Boto Pacific Heights,Boto,San Francisco,botosf.com,1853 Union St.
20717196387,Isa Restaurant Marina,Isa Restaurant,SF,isarestaurant.com,3324 Steiner Street
20911921952,Red Hook Tavern,Red Hook Tavern,NYC,redhooktavern.com,329 Van Brunt Street
20967425135,Town's End Brunch ,Town's End Brunch,SF,gmail.com,2 Townsend Street
21049376372,Au Cheval NYC,Au Cheval NYC,New York,hogsalt.com,33 Cortlandt Alley
21249271205,Borrachito ,Borrachito,Boston,thegarretgroup.com,70 Pier 4 Blvd. Suite 270
21447657566,Oceans New York,Oceans New York,NYC,toptable.ca,233 Park Avenue South
22458955903,Hinodeya Ramen-Downtown ,Hinodeya Ramen-Downtown,SF,sasaladining.com,680 Clay St.
23005704061,White Maize (Carrol Gardens) ,White Maize,NYC,whitemaizebk.com,277 Smith St
23141069956,Potluck Club ,Potluck Club,NYC,thepotluckclubny.com,133 Chrystie Street
23178021237,White Maize (Chelsea) ,White Maize,NYC,whitemaizebk.com,277 Smith St
23368677193,Stretch Pizza Williamsburg ,Stretch Pizza (Williamsburg),NYC,stretchpizzanyc.com,"320 Kent Ave Brooklyn, NY 11249"
28219373079,Kaiyo Handroll ,Kaiyo Handroll,SF,bxbhospitality.com,
28225951404,Good Thanks- LES ,Good Thanks- Williamsburg,NYC,goodthanksnyc.com,31 Orchard Street
28531382051,Madam Mikette's ,Madam Mikette's,NYC,gmail.com,987 2nd Ave
28547178805,Novela ,Novela,SF,bxbhospitality.com,662 Mission Street
28547197096,Kitchen at Cobble Hill ,Kitchen at Cobble Hill,NYC,kitchenatcobblehill.com,254 Court St
28554331449,Bacan ,Bacan,NYC,grandbacan.com,"79 Grand St, Brooklyn, NY 11249"
28563602257,Trevino Wine Bar,Trevino Wine Bar,SF,bxbhospitality.com,100 Channel St.
28632249120,Hank's Bar Bk ,X Golf Brooklyn,NYC,xgolfbrooklyn.com,"613 Bushwick Ave, Brooklyn, NY 11206"
28979108151,Claudy's Kitchen Bronx,Claudy's Kitchen Peruvian Restaurant nationwide shipping,NYC,claudys.com,5981 Broadway
30052568136,Binondo ,Binando,NYC,gmail.com,"50 East Broadway New York, NY 10002"
30125624987,Moody Tongue Pizza - Craft Beer Pass,Moody Tongue Pizza,NYC,moodytongue.com,123 st marks pl 
30144965693,BURGERHEAD - East Village ,BURGERHEAD - East Village,NYC,burgerhead.com,"145 2nd Ave, New York, NY "
31632588041,Rose's Cafe ,Rose's Cafe,San Francisco,niceventures.com,"2298 Unmion St., SF, CA 94123"
31632588092,Terzo ,Terzo,San Francisco,niceventures.com,"3011 Steiner St., SF, CA 94123"
31712035216,HighLife ,HighLife,NYC,electricburritonyc.com,"135 1st Ave., New York, NY 10003"
31712037918,NoHo Hospitality Group ,NoHo Hospitality Group,,nhgnyc.com,520 Broadway
32002712999,Apres Cru ,Apres Cru,NYC,aprescru.com,67 East 11th St
32002716589,Sage Hospitality Group ,Sage Hospitality,DEN,sagehospitality.com,"1809 Blake Street, Denver, CO"
32015799364,Sunday Hospitality ,Sunday Hospitality,NYC,sundayhg.com,348 Wythe Avenue
32368938289,Anaïs ,Anaïs,NYC,theoberon.co,"196 Bergen Street
Brooklyn, NY 11217"
32683238673,Lobby Bar at MADE Hotel ,Lobby Bar at MADE Hotel,NYC,madehotels.com,"44 W 29th St, New York, NY 10001
"
32724445474,Philosophers & Fools ,Philosophers & Fools,CHS,philosophersandfools.com,"50 Bogard St Suite A, Charleston, SC 29403"
32819953493,Good Behavior ,Good Behavior,NYC,madehotels.com,"44 W 29th St 18th Floor, New York, NY 10001"
33070592367,Dragon Well ,Dragon Well,SF,gmail.com,"2142 Chestnut St., SF, CA 94123"
33266220801,Black Tap Craft Burgers & Beer- Soho ,Black Tap Craft Burgers & Beer,NYC,blacktapnyc.com,213 West 35th Street
33291140139,Cafe Chelsea,Sunday Hospitality,NYC,sundayhg.com,348 Wythe Avenue
33292538728,Lobby Bar at Hotel Chelsea,Sunday Hospitality,NYC,sundayhg.com,348 Wythe Avenue
33292538729,Sunday Hospitality,Sunday Hospitality,NYC,sundayhg.com,348 Wythe Avenue
33292538730,Bedford Post Tavern,Sunday Hospitality,NYC,sundayhg.com,348 Wythe Avenue
33292538731,El Quijote,Sunday Hospitality,NYC,sundayhg.com,348 Wythe Avenue
33292538734,Dynamo Room,Sunday Hospitality,NYC,sundayhg.com,348 Wythe Avenue
33293630577,Bar Revival ,Bar Revival,NYC,Barrevivalnyc.com,"161 Ludlow St, New York, NY 10002"
33319448154,Acadia,Chef Driven Hospitality,NYC,chefdriven.com,630 Ninth Avenue
33319448155,Nice Matin,Chef Driven Hospitality,NYC,chefdriven.com,630 Ninth Avenue
33319448156,Playa Betty's,Chef Driven Hospitality,NYC,chefdriven.com,630 Ninth Avenue
33332714264,Barbounia,Chef Driven Hospitality,NYC,chefdriven.com,630 Ninth Avenue
33355258757,Le Monde,Chef Driven Hospitality,NYC,chefdriven.com,630 Ninth Avenue
33355258758,French Roast,Chef Driven Hospitality,NYC,chefdriven.com,630 Ninth Avenue
33355258759,Nizza,Chef Driven Hospitality,NYC,chefdriven.com,630 Ninth Avenue
33355258760,Sempre Oggi,Chef Driven Hospitality,NYC,chefdriven.com,630 Ninth Avenue
33355258761,The Friki Tiki,Chef Driven Hospitality,NYC,chefdriven.com,630 Ninth Avenue
33355258762,Dagon,Chef Driven Hospitality,NYC,chefdriven.com,630 Ninth Avenue
33355258764,Five Napkin Burger Midtown,Chef Driven Hospitality,NYC,chefdriven.com,630 Ninth Avenue
33355258765,Monterey,Chef Driven Hospitality,NYC,chefdriven.com,630 Ninth Avenue
33355258766,Five Napkin Burger UWS,Chef Driven Hospitality,NYC,chefdriven.com,630 Ninth Avenue
33355258767,Cafe D'Alsace,Chef Driven Hospitality,NYC,chefdriven.com,630 Ninth Avenue
33452123807,Papatzul ,Papatzul,NYC,papatzul.com,"55 Grand St, New York, NY 10013"
33498253482,Tacombi - Arlington,Tacombi,DC,tacombi.com,NYC
33501574563,Other Half Brewing - Washington DC,Other Half Brewing (600 5th Ave),DC,otherhalfbrewing.com,NYC
33503227321,Other Half Brewing - 24 Lakeshore Drive,Other Half Brewing (Parent),NYC,otherhalfbrewing.com,NYC
34036397748,Turtle Bay Tavern ,Turtle Bay Tavern,NYC,turtlebaytavern.com,"975 2nd Ave, New York, NY 10022"
34208802184,Pig & Khao UWS ,Pig & Khao UWS,NYC,aprescru.com,433 Amsterdam Avenue
34208802883,Piggyback by Pig & Khao ,Piggyback by Pig & Khao,NYC,aprescru.com,140 W 30th St
34210356506,Pig and Khao ,Pig and Khao,NYC,aprescru.com,68 Clinton St
34494807832,Qanoon ,Qanoon,NYC,gmail.com,"180 9th Ave, New York, NY 10011"
34556635917,Salumeria Rosi ,Salumeria Rosi,NYC,salumeriarosinyc.com,"283 Amsterdam Ave, New York, NY 10023"
34629499822,Forge ,Marc Forgione,NYC,aprescru.com,"30 Hudson St, New York, NY 10013"
34649472051,Tabu ,Tabu,NYC,artesanogrp.com,"10 Hope St, Brooklyn, NY 11211"
34651622987,Taco Boy - LoSo ,Taco Boy - LoSo,CHS,allgoodindustries.com,"3700 South Blvd STE 100,
Charlotte, NC 28209"
34740248179,the Socialite Kitchen ,the Socialite Kitchen,SF,gmail.com,"79 Jefferson St, San Francisco, CA 94133"
34740249168,Deccan House,the Socialite Kitchen,SF,gmail.com,"1142 Valencia street San Francisco, CA 94110"
34895644322,Oti ,Oti,NYC,gmail.com,"40 Clinton St, New York, NY 10002"
34922904094,Happy Tuna ,Happy Tuna,NYC,gmail.com,"380 Lexington Ave, New York, NY 10168"
35074463319,New Museum Restaurant (Oberon) ,New Museum Restaurant (Oberon),NYC,theoberon.co,"235 Bowery, New York, NY 10002"
35183824546,Postcard ,Postcard,NYC,naminori.nyc,"31 Carmine St NY, NY 10014"
35366011738,Roxanne Cafe,Roxanne Cafe,SF,roxannecafesf.com,"570 Powell St, San Francisco, CA 94108"
35388835647,Petite Cerise,Petite Cerise,DC,petitecerisedc.com,"1027 7th St NW, Washington, DC 20001"
35594901669,Spring Lounge ,Spring Lounge,NYC,gmail.com,"48 Spring St, New York, NY 10012"
35613286323,Daru,Daru/Tapori Parent,DC,elevenelevenpr.co,"1451 Maryland Ave NE, Washington, DC "
35623430028,Bresca,Bresca,DC,elevenelevenpr.co,"1906 14th St NW, Washington, DC 20009"
35649825798,Bar Clara,Bar Clara,DEN,,"1809 Blake Street, Ste. 200 Denver, CO 80202"
35654620734,Hello Betty Bethesda,Hello Betty Bethesda,DEN,,"1809 Blake Street, Ste. 200 Denver, CO 80202"
35654620735,Salvation,Salvation,DEN,,"1809 Blake Street, Ste. 200 Denver, CO 80202"
35658721118,Little Summer,Little Summer,DEN,,"1809 Blake Street, Ste. 200 Denver, CO 80202"
35658721119,The Surfing Fox,The Surfing Fox,DEN,,"1809 Blake Street, Ste. 200 Denver, CO 80202"
35661803593,Peregrin,Peregrin,DEN,,"1809 Blake Street, Ste. 200 Denver, CO 80202"
35662345530,Torali,Torali,DEN,,"1809 Blake Street, Ste. 200 Denver, CO 80202"
35663262061,Vintage Rooftop,Vintage Rooftop,DEN,,"1809 Blake Street, Ste. 200 Denver, CO 80202"
35663438155,Parlour Hideaway,Parlour Hideaway,DEN,,"1809 Blake Street, Ste. 200 Denver, CO 80202"
35668079172,The Wayward Bar,The Wayward Bar,DEN,,"1809 Blake Street, Ste. 200 Denver, CO 80202"
35669743529,Zags Restaurant &amp; Patio,Zags Restaurant &amp; Patio,DEN,,"1809 Blake Street, Ste. 200 Denver, CO 80202"
35669928257,Emporium Kitchen &amp; Wine Market,Emporium Kitchen &amp; Wine Market,DEN,,"1809 Blake Street, Ste. 200 Denver, CO 80202"
35672052585,The Order,The Order,DEN,,"1809 Blake Street, Ste. 200 Denver, CO 80202"
35675531873,Dirty Habit (San Francisco),Dirty Habit (San Francisco),DEN,,"1809 Blake Street, Ste. 200 Denver, CO 80202"
35676025452,Urban Farmer Portland,Urban Farmer Portland,DEN,,"1809 Blake Street, Ste. 200 Denver, CO 80202"
35678533721,Wit & Wisdom,Wit &amp; Wisdom,DEN,,"1809 Blake Street, Ste. 200 Denver, CO 80202"
35680694861,Pint Brothers,Pint Brothers,DEN,,"1809 Blake Street, Ste. 200 Denver, CO 80202"
35680714074,ninetwentyfive,ninetwentyfive,DEN,,"1809 Blake Street, Ste. 200 Denver, CO 80202"
35680721980,King & Rye,King & Rye,DEN,,"1809 Blake Street, Ste. 200 Denver, CO 80202"
35680721981,Asbury Lanes,Asbury Lanes,DEN,,"1809 Blake Street, Ste. 200 Denver, CO 80202"
35680724789,Mercat a la Planxa,Mercat a la Planxa,DEN,,"1809 Blake Street, Ste. 200 Denver, CO 80202"
35680726585,Counter Cafe,Counter Cafe,DEN,,"1809 Blake Street, Ste. 200 Denver, CO 80202"
35680736842,Departure,Departure,DEN,,"1809 Blake Street, Ste. 200 Denver, CO 80202"
35680759652,Geraldine’s,Geraldine’s,DEN,,"1809 Blake Street, Ste. 200 Denver, CO 80202"
35680765606,The Study,The Study,DEN,,"1809 Blake Street, Ste. 200 Denver, CO 80202"
35680768140,Denver Milk Market,Denver Milk Market,DEN,,"1809 Blake Street, Ste. 200 Denver, CO 80202"
35680944772,Golden Owl Tavern,Golden Owl Tavern,DEN,,"1809 Blake Street, Ste. 200 Denver, CO 80202"
35680956495,The Grandstand Cafe,The Grandstand Cafe,DEN,,"1809 Blake Street, Ste. 200 Denver, CO 80202"
35680964792,Rosalier Italian Soul,Rosalier Italian Soul,DEN,,"1809 Blake Street, Ste. 200 Denver, CO 80202"
35681715206,Ristorante Per L’Ora,Ristorante Per L’Ora,DEN,,"1809 Blake Street, Ste. 200 Denver, CO 80202"
35681754186,PLS on Post (San Francisco),PLS on Post (San Francisco),DEN,,"1809 Blake Street, Ste. 200 Denver, CO 80202"
35681859486,Bowerbird Savannah,Bowerbird Savannah,DEN,,"1809 Blake Street, Ste. 200 Denver, CO 80202"
35681899617,Milepost Zero,Milepost Zero,DEN,,"1809 Blake Street, Ste. 200 Denver, CO 80202"
35681902593,The Drawing Room,The Drawing Room,DEN,,"1809 Blake Street, Ste. 200 Denver, CO 80202"
35681909926,Braddock’s Rebellion,Braddock’s Rebellion,DEN,,"1809 Blake Street, Ste. 200 Denver, CO 80202"
35681939338,Cafe Ora,Cafe Ora,DEN,,"1809 Blake Street, Ste. 200 Denver, CO 80202"
35683758377,Barista Coffee & Brunch ,Barista Coffee & Brunch,SF,gmail.com,"3313 Sacramento St, San Francisco, CA 94118"
35745558568,Jônt ,Jônt,DC,hivehospitality.com,1904 14th St NW
35751367799,Disco Birdies ,Disco Birdies,NYC,forallthingsgoodbk.com,"355 Franklin Ave, Brooklyn, NY 11238"
35753415315,For All Things Good Bed-Stuy ,For All Things Good Bed-Stuy,NYC,forallthingsgoodbk.com,"343 Franklin Ave, Brooklyn, NY 11238"
35763514694,Decodance,The Sentinel,SF,gmail.com,"39 New Montgomery St, San Francisco, CA 94105"
35852469330,Nine Pin Cafe ,Nine Pin Cafe,NYC,trapizzinousa.com,"7 E 27th St, New York, NY 10016"
35852498086,Dento Piano Cafe and Bar - SF Breakfast Club,Dento Piano Cafe and Bar,SF,gmail.com,"1339 Folsom St, San Francisco, CA 94103"
35881489960,Last Drop Tavern,Roxanne Cafe,SF,roxannecafesf.com,"550 Powell St, San Francisco, CA 94108"
36024458403,Stems & Skins ,Stems & Skins,CHS,stemsandskins.com,"1070 E Montague Ave # B, North Charleston, SC 29405"
36130573942,Friedman's,,NYC,,483 10th Ave
36153721096,Table d'Hôte ,Table d' Hote,uws/ues,tabledhote.co,"44 E 92nd St, New York, NY 10128"
36286544913,Merv's Bar ,Merv's Bar,NYC,gmail.com,"266 Irving Ave, Brooklyn, NY 11237"
36563155256,Adda EV ,Adda EV,NYC,gmail.com,"107 1st ave NY, NY 10003"
36604698119,Penelope's Coffee & Tea - (Berkeley),Penelope's Coffee & Tea,SF,penelopescoffee.com,"2255 Shattuck Ave., Berkeley, CA. 94707"
36604815645,The Sandwich Monkey (FC) ,The Sandwich Monkey,SF,thesandwichmonkey.com,"3 Plaza View Lane, Suite V, Foster City, CA 94404"
36609591926,Velvet Cowboy ,Velvet Cowboy,uws/ues,,"509 Amsterdam Ave, New York, NY 10024"
36609650101,Jacob's Pickles Moynihan ,Jacob's Pickles,uws/ues,jacobspickles.com,"Moynihan Train Hall, 350 W 33rd St, New York, NY 10001"
36609654354,Jacob's Pickles Norwalk,Jacob's Pickles,uws/ues,jacobspickles.com,"100 N Water St SL0300, Norwalk, CT 06854"
36611005185,The Sandwich Monkey (SF) ,The Sandwich Monkey,SF,penelopescoffee.com,"121 Spear Street, San Francisco, California 94105"
36773449580,Guantanamera ,Guantanamera,uws/ues,gmail.com,"939 8th Ave, New York, NY 10019"
36943832394,THE SANDWICH BOARD - Family Style,THE SANDWICH BOARD,NYC,thesandwichboard.co,"115 Eldridge St FRNT A, New York, NY 10002"
36984842315,Raon ,RAON,uws/ues,raonnyc.com,"207 E 59th St, New York, NY 10022"
37021789601,"Junoon (Junoon, Jazba)",Junoon,NYC,junoonnyc.com,"19 W 24th St, New York, NY 10010

207 2nd Ave, New York, NY 10003
"
37119474309,My Brother's Bar,My Brother's Bar,DEN,mybrothersbar.com,"2316 15th St., Denver, CO 80202"
37119613201,Monte's At the Manor ,Monte's At the Manor,LI,montesmanor.com,"236 Edgemere St Montauk, NY 11954"
37160051891,Luchador Taco,Luchador Taco,DEN,luchadorfoodtruck.com,"2030 E 28th Ave., Denver, CO 80205"
37160062802,BLT Prime Doral ,BLT Prime Doral,MIA,bltrestaurantgroup.com,"4400 NW 87th Ave, Miami, FL 33178"
37164457303,Bierstadt Lagerhaus,Bierstadt Lagerhaus,DEN,bierstadtlager.com,"2875 Blake St, Denver, CO 80205"
37164782495,The Florentine Chicago ,The Florentine Chicago,CHI,bltrestaurantgroup.com,"151 W Adams St, Chicago, IL 60603"
37186884353,Fini Pizza - Amagansett,Fini Pizza,LI,finipizza.com,"305 Bedford Ave, Brooklyn, NY 11211"
37233464213,Namiro Sushi ,Namiro Sushi,LI,namirosushi.com,"76c Jobs Ln, Southampton, NY 11968"
37235905079,Claude's @ Southampton Inn ,Claude's @ Southampton Inn,LI,southamptoninn.com,"91 Hill St, Southampton, NY 11968"
37238223494,Tallow,Tallow,NY,tallow.email,
37316201065,Jazba,Jazba,NYC,junoonnyc.com,"207 2nd Ave, New York, NY 10003"
37425412527,Tootles & French,Tootles & French,NYC,tootlesandfrench.com,"3615 Ditmars Blvd, Astoria, NY 11105"
37441013342,Paper Coffee at Made Hotel ,Lobby Bar at MADE Hotel,NYC,madehotels.com,"44 W 29th St, New York, NY 10001
"
37446842178,Broome Street Project ,Montauk Project,NYC,mtk-project.com,389 Broome St 
37472800138,Montuak Beach House ,Montauk Beach House,LI,thembh.com," 55 S Elmwood Ave, Montauk, NY 11954"
37522158237,Suki Zuki ,Suki Zuki,LI,,"688 Montauk Hwy, Water Mill, NY 11976"
37522191956,YH-Beijing,YH - BEIJING,SF,gmail.com,"500 Haight St, San Francisco, CA 94117"
37548362411,Ra-ra Rhino ,Ra-ra Rhino,NYC,,"1329 Willoughby Ave, Brooklyn, NY 11237
"
37559583759,Frasca Hospitality Group,,DEN,frascafoodandwine.com,1738 Pearl Street
37628528283,a.kitchen + bar  DC,a.kitchen + bar DC,DC,highsthospitality.com,"1010 New Hampshire Ave NW, Washington, DC 20037"
37906017045,Tapori ,Tapori,DC,www.taporidc.com,"600 H St NE Suite E, Washington, DC 20002"
38160131508,Tufino Pizzeria Napoletana,Tufino Pizzeria Napoletana,NYC,gmail.com,"3608 Ditmars blvd Astoria, NY 11105"
38319309586,Tha Phraya (new 2nd location) ,Tha Phraya,uws/ues,www.thaphraya.com,need to get bc its a new loc
38376065442,Bonus Room ,Bonus Room,NYC,,"991 Wyckoff Ave, Ridgewood, NY 11385"
38376281648,Little Beaver ,Little Beaver,NYC,littlebeaverbk.com,"24 St Nicholas Ave, Brooklyn, NY 11237"
38394754220,Pick A Bagel Broadway ,Pick A Bagel Broadway,NYC,pickabagelnyc.com,"2897 Broadway, NY NY 10023"
38394754368,Pick A Bagel West End ,Pick A Bagel West End,NYC,pickabagelnyc.com,"39 West End Ave, NY NY 10282"
38394755585,Kossars Upper West Side ,Kossars Upper West Side,nyc,kossars.com,"270 W 72nd St, NY NY 10023"
38394816046,Casa Louie ,Casa Louie,NYC,www.casalouienyc.com,"455 W 37th St, NY NY 10018"
38399829886,Suram Hudson Yards ,Suram Hudson Yards,NYC,www.suramsushi.com,"483 10th Ave, NY NY 10018"
38399831179,La Salle Dumpling Room 37 West End Ave ,La Salle Dumpling Room 37 West End Ave,NYC,www.getsauce.com,"37 West End Ave, NY NY 10023"
38399831325,La Salle Dumpling 2897 Broadway ,La Salle Dumpling 2897 Broadway,NYC,www.getsauce.com,"2897 Broadway, NY NY 10025"
38399831684,Kossars Upper East Side ,Kossars Upper East Side,nyc,kossars.com,"1409 York Ave, NY NY 10021"
38399890953,Miss Wonton ,Miss Wonton,NYC,misswontonnyc.com,"1411 York Ave, NY NY 10021"
38399891530,Suram UWS ,Suram UWS,NYC,www.suramsushi.com,"21 West End Ave, NY NY 10023"
38399891830,Pick A Bagel Hudson Yards ,Pick A Bagel Hudson Yards,NYC,pickabagelnyc.com,"536 W 30th St, NY NY 10001"
38399893107,Kossars West End Ave ,Kossars West End Ave,nyc,kossars.com,"39 West End Ave, NY NY 10023"
38399893558,Kossars Lower East Side ,Kossars Lower East Side,nyc,kossars.com,"367 Grand St, NY NY 10002"
38399953325,Suram Herald Square ,Suram Herald Square,NYC,www.suramsushi.com,"132 W 31st St, NY NY 10001"
38399954202,Pick A Bagel Vesey ,Pick A Bagel Vesey,Nyc,pickabagelnyc.com,"251 Vesey St, NY NY 10019"
38399954593,Pastrami Queen UWS ,Pastrami Queen UWS,NYc,www.pastramiqueen.com,"138 W 72nd St, NY NY 10023"
38399955508,Kossars Hudson Yards ,Kossars Hudson Yards,nyc,kossars.com,"536 W 30th St, NY NY 10001"
38419712169,Pastrami Queen UES ,Pastrami Queen UES,NYC,www.pastramiqueen.com,"1125 Lex Ave #2, NY NY 10075"
38419712322,Milk N Honey ,Milk N Honey,NYC,www.milknhoneykosher.com,"12 E 46th St, NY NY 10017"
38419712422,La Salle Dumpling Room 1411 York Ave ,La Salle Dumpling Room 1411 York Ave,NYC,www.getsauce.com,"1411 York Ave, NY NY 10021"
38420211557,Wu and Nussbaum ,Wu and Nussbaum,NYC,wuandnussbaumnyc.com,"2897 Broadway, NY NY 10025"
38420243306,Laurel Bakery ,Laurel Bakery,NYC,laurelbakery.com,"115 Columbia Street, Brooklyn, NY 11201"
38428339489,Pastrami Queen Moynihan food hall ,Pastrami Queen Moynihan food hall,NYC,www.pastramiqueen.com,"421 8th Ave, NY NY 10001"
38428775222,Community Food and Juice ,Community Food and Juice,NYC,www.communityfoodandjuice.com,"2893 Broadway, NY NY 10025"
38428837000,Friedmans Herald Square On 31 ,Friedmans Herald Square On 31,NYC,www.friedmansrestaurant.com,"138 W 31st St, NY NY 10001"
38428837550,Friedmans Battery Park ,Friedmans Battery Park,NYC,www.friedmansrestaurant.com,"245 Murray St, NY NY 10282"
38428837948,Pick A Bagel Columbus Circle  ,Pick A Bagel Columbus Circle ,NYC,pickabagelnyc.com,"891 8th Ave, NY NY 10019"
38428898716,Friedmans West End ,Friedmans West End,NYC,www.friedmansrestaurant.com,"35 West End Ave, NY NY 10023"
38450227780,Finns Bagels ,Finns Bagels,nyc,www.finnsbagelsnyc.com,"477 10th Ave, NY NY 10018"
38450228322,Friedmans Edison Theatre District ,Friedmans Edison Theatre District,NYC,www.friedmansrestaurant.com,"228 W 47th St, NY NY 10036"
38450228657,Friedmans Hell's Kitchen ,Friedmans Hell's Kitchen,NYC,www.friedmansrestaurant.com,"450 10th Ave, NY NY 10018"
38450290047,Friedmans 72nd Street ,Friedmans 72nd Street,nyc,www.friedmansrestaurant.com,"50 W 72nd St, NY NY 10023"
38450291013,La Salle Dumpling Room 3141 Broadway ,La Salle Dumpling Room 3141 Broadway,nyc,www.getsauce.com,"3141 Broadway, NY NY 10027"
38584597822,SOOGIL ,SOOGIL,NYC,soogil.com,"108 E 4th St, New York, NY 10003"
38680265261,Misipasta ,Misipasta,NYC,misipasta.com,"46 Grand St, Brooklyn, NY 11249"
38680269354,Fanoos Grills ,Fanoos Grills,SF,gmail.com,"533 Sutter St, San Francisco, CA 94102"
38960338092,NADC Burger - Soho ,NADC Burger,"NYC, DEN, NASH",nadcburger.com,"25 Cleveland Pl, New York, NY 10012"
38967778652,Aura Cocina ,Aura Cocina,nyc,auracocina.com,"315 Meserole St, Brooklyn, NY 11206"
39037063215,Wonderland Bar,,NYC,,"96 2nd Ave New York, New York 10003 New York
County"
39236123826,Locanda Verde Tribeca,,NYC,nhgnyc.com,377 Greenwich St
39236124321,Locanda Verde Hudson Yards,,NYC,nhgnyc.com,"50 Hudson Yards, New York, NY 10001"
39236126221,Joe's Pub,,NYC,nhgnyc.com,"425 Lafayette Street, New York, NY 10003"
39236137245,Bar Primi Penn District,,NYC,nhgnyc.com,"349 W 33rd St, New York, NY 10001"
39236615731,La Soleil ,Le Soleil,SF,lesoleilsf.com,"133 Clement St, San Francisco, CA 94118"
39257174536,Do Not Feed Alligators Montauk ,Do Not Feed Alligators Montauk,LI,donotfeedalligators.com,"696 Montauk Hwy, Montauk, NY 11954"
39258054523,Leuca,,NYC,nhgnyc.com,"111 N 12th Street, Brooklyn, NY 11249"
39258542391,The Portrait Bar,,NYC,nhgnyc.com,250 Fifth Avenue
39258542905,Bar Torino,,NYC,nhgnyc.com,"50 Hudson Yards, New York, NY 10001"
39258544776,San Morello,,DET,nhgnyc.com,"1400 Woodward Avenue, Detroit, MI 48226"
39259407681,Westlight,,NYC,nhgnyc.com,"111 N 12th Street, Brooklyn, NY 11249"
39259707685,Carne Mare NYC,,NYC,nhgnyc.com,"Pier 17, 89 South St, New York, NY 10038"
39259735637,Little Fino,,NYC,nhgnyc.com,"111 N 12th Street, Brooklyn, NY 11249"
39259739042,Cafe Carmellini,,NYC,nhgnyc.com,"250 Fifth Avenue, New York, NY 10001"
39259741201,Mister Dips NYC,,NYC,nhgnyc.com,"89 South St, New York, NY 10038"
39261731854,Mister Dips Detroit,,DET,nhgnyc.com,"19 East Grand River, Detroit, MI 48226"
39261732638,Evening Bar,,DET,nhgnyc.com,"1400 Woodward Avenue, Detroit, MI 48226"
39261732958,The Brakeman,,DET,nhgnyc.com,"22 John R Street, Detroit, MI 48226"
39261733433,Penny Red's,,DET,nhgnyc.com,"1445 Farmer St, Detroit, MI 48226"
39275256718,Jax Fish House & Oyster Bar Boulder,Big Red F Restaurants,DEN,bigredf.com,"928 Pearl St, Boulder, CO 80302"
39275258654,"Jax Fish House & Oyster Bar, Ft Collins",Big Red F Restaurants,DEN,bigredf.com,"123 N College Ave, Fort Collins, CO 80524"
39275259177,Jax Fish House & Oyster Bar Glendale,Big Red F Restaurants,DEN,bigredf.com,"650 S Colorado Blvd, Glendale, CO 80246"
39275259757,Jax Fish House & Oyster Bar Coloardo Springs,Big Red F Restaurants,DEN,bigredf.com,"11 S Tejon St, Colorado Springs, CO 80903"
39275273557,The Post Boulder,Big Red F Restaurants,DEN,bigredf.com,"2027 13th St, Boulder, CO 80302"
39275275132,West End Tavern,Big Red F Restaurants,DEN,bigredf.com,"926 Pearl St, Boulder, CO 80302"
39278719586,Rec Pier Chop House,,BAL,nhgnyc.com,"1715 Thames Street, Baltimore, MD 21231"
39282488215,The Post Lafayette,Big Red F Restaurants,DEN,bigredf.com,"105 W Emma St, Lafayette, CO 80026"
39282488896,The Post Longmont,Big Red F Restaurants,DEN,bigredf.com,"1258 S Hover St, Longmont, CO 80501"
39282489429,The Post Rosedale,Big Red F Restaurants,DEN,bigredf.com,"2200 S Broadway, Denver, CO 80210"
39282908047,The Post Estes Park,Big Red F Restaurants,DEN,bigredf.com,"333 E Wonderview Ave, Estes Park, CO 80517"
39282909456,Centro Mexican Kitchen,Big Red F Restaurants,DEN,bigredf.com,"950 Pearl St, Boulder, CO 80302"
39282909868,Velvet Elk Lounge,Big Red F Restaurants,DEN,bigredf.com,"2037 13th St, Boulder, CO 80302"
39282910301,Wonder Press Juice,Big Red F Restaurants,DEN,bigredf.com,"946 Pearl St, Boulder, CO 80302"
39349144935,Tap & Burger Highland,The Culinary Creative Group,DEN,theculinarycreative.com,"2219 W 32nd Ave, Denver, CO 80211"
39357002786,Kumoya,The Culinary Creative Group,DEN,theculinarycreative.com,"2400 W 32nd Avenue, Denver, CO 80211"
39357005670,Tap and Burger Bellview,The Culinary Creative Group,DEN,theculinarycreative.com,"4910 S Newport St, Denver, CO 80237"
39357006185,Tap & Burger Westminster,The Culinary Creative Group,DEN,theculinarycreative.com,"8810 Westminster Blvd, Westminster, CO 80031"
39359918099,"Spice Room (Colfax, DEN) ",Spice Room (Colfax),DEN,denverspiceroom.com,"3200 Colfax Ave.
Denver, CO 80206
"
39360101730,Spice Room (West Highland) ,Spice Room,DEN,denverspiceroom.com,"3157 39th Ave. W 
Denver, CO 80211 
"
39360103181,Spice Room (Arvada) ,Spice Room (Arvada),DEN,www.denverspiceroom.com,"7355 Ralston Rd.
Arvada, CO 80002
"
39369301255,NADC Burger -Denver,NADC Burger,DEN,nadcburger.com,"1441 Larimer St, Denver, CO 80202"
39386455689,Pizza Village ,Pizza Village,LI,pizzavillagemontauk.com,"700 Montauk Hwy, Montauk, NY 11954"
39388336763,Limoncello ,Limoncello,LI,limoncelloristorante.site,
39510909718,Jac's on Bond ,Jac's on Bond,NYC,jacsonbond.com,26 Bond st
39510910061,Pebble Bar ,Pebble Bar,NYC,pebblebarnyc.com,67 w 49th st
39510910507,Bar Calico ,Bar Calico,NYC,barcaliconyc.com,23 Lexington Ave
39510910809,Smile To Go ,Smile To Go,NYC,smiletogonyc.com,23 Lexington Ave
39510912267,Ray's LES ,Ray's LES,NYC,raysbarnyc.com,177 Chrystie St
39523874115,Georgia Room ,Georgia Room,NYC,georgiaroomnyc.com,23 Lexington
39523875335,Ray's BK ,Ray's BK,NYC,raysbarnyc.com,905 Lorimer St
39525963619,Lucky Tiger ,Lucky Tiger,nyc,luckytigernyc.com,66 Pearl St
39525964662,Mad Dog & Beans Midtown ,Mad Dog & Beans Midtown,NYC,maddogandbeans.com,5 East 38th st
39525965631,Motel No tell ,Motel No tell,NYC,motelnotellnyc.com,210 Ave A
39528080933,Mad Dog & Beans Fidi ,Paul O'Connor Group,NYC,,83 Pearl St
39528082042,Bierhaus NYC ,Bierhaus NYC,NYC,bierhausnyc.com,712 3rd Ave
39533758730,Broken Shaker NYC ,Broken Shaker NYC,NYC,www.brokenshaker.com,23 Lexington Ave
39539855276,NADC Burger - Austin W6th,NADC Burger,Austin,nadcburger.com,"1441 Larimer St, Denver, CO 80202"
39658488239,Milk Bar Williamsburg (Storefront) ,Milk Bar Williamsburg (Storefront),NYC,milkbarstore.com,"382 Metropolitan Ave, Brooklyn, NY 11211-3305"
39658488748,Milk Bar East village ,Milk Bar East village,NYC,milkbarstore.com,"251 E 13th St, New York, NY 10003"
39658494246,Milk Bar Nomad (Storefront) ,Milk Bar Nomad (Storefront),NYC,milkbarstore.com,"1186 Broadway, New York, NY 10001"
39659998768,Milk Bar DC ,Milk Bar DC,DC,milkbarstore.com,"1525 15th St NW, Washington, DC 20005"
39659999086,Milk Bar DC (Storefront) ,Milk Bar DC (Storefront),DC,milkbarstore.com,"1525 15th St NW, Washington, DC 20005"
39659999400,Milk Bar LA ,Milk Bar LA,LA,milkbarstore.com,"7150 Melrose Ave, Los Angeles, CA 90046"
39902358555,Elaia Estiatorio ,Elaia Estiatorio,NYC,elaiaestiatorio.com,"95 SCHOOL STREET BRIDGEHAMPTON, NY 11932"
39908190986,Sunshine and Butterflies (ignore - fake deal Maddie test),SLEEPY SATURDAY MADDIE TEST,Test,gmail.com,123
39965040003,Farm and Forage Southhampton ,Farm and Forage,LI,farmandforagemarket.com,"36 Hampton Rd, Southampton, NY 11968"
39978085179,Poke Burri (CHS) ,Poke Burri,CHS,pokeburri.com,"835 Savannah HWY, Charleston, SC 29407"
39978413967,Pasta Night ,Pasta Night,NYC,pastanightbk.com,"575 Vanderbilt Ave, Brooklyn, NY 11238"
39980503296,House Watch ,House Watch,NYC,,"50 Avenue B, New York, NY 10009
"
40011160490,Chez Oskar ,Chez Oskar,NYC,chezoskar.com,"310 Malcolm X Blvd, Brooklyn, NY 11233
"
40060413323,Jerry's Roast Pork - Embarcadero,Rosalind Bakery Cafe at Embarcadero Four,SF,rosalindbakery.com,"2 Embarcadero Ctr, San Francisco, CA 94111"
40239092110,El Pollo Guapo (CHS) ,El Pollo Guapo (CHS),CHS,elpolloguapo.com,"1130 Folly Rd, Charleston, SC 29412"
40242778644,Rainbows and Sunshine (Test),SLEEPY SATURDAY MADDIE TEST,NYC,gmail.com,123 Ave
40279360093,Stella's Cucina ,Stella's Cucina,DEN,stellascucina.com,"1123 Walnut St, Boulder, CO 80302"
40317703772,Succotash National Harbor ,Succotash National Harbor,DC,succotashrestaurant.com,"186 Waterfront St, Oxon Hill, MD 20745"
40317704314,Succotash Penn Quarter ,Succotash Penn Quarter,NYC,succotashrestaurant.com,"915 F St NW, Washington, DC 20004"
40317715010,Mi Vida 14th St ,Mi Vida 14th St,DC,mividamexico.com,"1901 14th St NW, Washington, DC"
40317715508,Sagrada ,Sagrada,DC,sagradamia.com,"1901 14th St NW 2nd Floor, Washington, DC"
40317716848,Gatsby ,Gatsby,DC,gatsbyrestaurant.com,"1205 Half St SE Suite #105, Washington, DC"
40317717106,Beresovsky's Deli ,Beresovsky's Deli,DC,beresovskys.com,"1201 Half St SE, Washington, DC"
40317717344,Bistro Du Jour Capital Hill ,Bistro Du Jour Capital Hill,DC,bistro-dujour.com,"20 Massachusetts Ave NW, Washington, DC"
40317783985,Heroic Italian - Berkeley ,Heroic Italian - Berkeley,OAK,,"2020 Kittredge St Suite C, Berkeley, CA 94704"
40317786457,Mi Vida District Wharf ,Mi Vida District Wharf,DC,mividamexico.com,"98 District Square SW, Washington, DC 20024"
40317791492,Tosca Cafe ,Tosca Cafe,SF,toscacafe-sf.com,"242 Columbus Ave, San Francisco, CA 94133"
40317797746,Mi Vida Penn Quarter ,Mi Vida Penn Quarter,DC,mividamexico.com,"575 7th St NW, Washington, DC"
40317798067,The Grill ,The Grill,DC,thegrilldc.com,"99 Market Square SW, Washington, DC"
40317799256,Bistro Du Jour  District Wharf,Bistro Du Jour District Wharf,DC,bistro-dujour.com,"99 District Square SW, Washington, DC"
40317802414,Happy Tuna - Soho,Happy Tuna,NYC,happytuna.com,"380 Lexington Ave, New York, NY 10168"
40328182572,Happy Tuna - Hudson Yards,Happy Tuna,LI,happytuna.com,"380 Lexington Ave, New York, NY 10168"
40365937164,Claudia’s ,Claudia’s,nyc,claudiasbk.com,"39 Bushwick Ave Brooklyn, NY 11211"
40433656120,Ask Alita ,Ask Alita,NYC,askalita.com,"8-17 Onderdonk Ave, Ridgewood, NY 11385"
40445895454,The Hoptomist ,The Hoptomist,uws/ues,www.hoptimistbar.com,"422 Amsterdam Ave, New York, NY 10024"
40472770431,The Francis Kite Club ,The Francis Kite Club,NYC,franciskiteclub.com,"40 Loisaida Ave, New York, NY 10009"
40473396599,Caledonia Bar (UWS)  ,Caledonia Bar (UWS) ,uws/ues,caledoniabar.com,"424 Amsterdam Ave, New York, NY 10024"
40473843754,Beanstalk Cafe - Inner Richmond ,Beanstalk Cafe - Inner Richmond,Sf,," 724 Bush St, San Francisco, CA 94108"
40474672699,Piazza D'Angelo ,Piazza D'Angelo,SF,piazzadangelo.com,"22 Miller Ave, Mill Valley, CA 94941"
40474679679,Farm and Forage East Hampton ,Farm and Forage,LI,farmandforagemarket.com,"58b Park Pl, East Hampton, NY 11937"
40478986930,Le Garage Bistro - Sausalito ,Le Garage Bistro - Sausalito,SF,legaragesausalito.com,"85 Liberty Ship Way #109, Sausalito, CA 94965"
40611303739,Leo's Oyster Bar ,Leo's Oyster Bar,SF,leossf.com,"568 Sacramento St, San Francisco, CA 94111"
40670306742,El Pollo Guapo (Hartford) ,El Pollo Guapo (Hartford),CT,elpolloguapo.com,"26 Front St, Hartford, CT 06103"
40670349378,Container Bar ,Container Bar,CHS,containerbarchs.com,"2130 Mt Pleasant St, Charleston, SC 29403"
40670366807,El Pollo Guapo (Newington) ,El Pollo Guapo (Newington),CT,elpolloguapo.com,"1044 Main St, Newington, CT 06111"
40670367113,El Pollo Guapo (Glastonbury) ,El Pollo Guapo (Glastonbury),CT,elpolloguapo.com,"347 New London Turnpike, Glastonbury, CT 06033"
40683130144,Regina’s Grocery - LES,Regina's Grocery,NYC,cnnctd.com,"27 Orchard St, New York, NY 10002"
40683148434,Jalebi Street ,Jalebi Street,SF,gmail.com," 1466 Haight St, San Francisco, CA 94117"
40683153262,Tacolicious (P.A.) ,Tacolicious (P.A.),SF,www.tacolicious.com,"632 Emerson St, Palo Alto, CA"
40715659907,Mixed Ingredients ,Mixed Ingredients,NYC,mixedingrdnts.com,"71 Orchard St. New York, NY 10002"
40715664777,brewbrew ,brewbrew,NYC,,7 Bell Slip
40735767364,Scott's Seafood ,Scott's Seafood Grill & Bar,SF,scottsjls.com,"2 Broadway, Oakland, CA 94607"
40736524162,Temper Colorado ,Temper Colorado,DEN,tempercolorado.com,"2669 Larimer St, Denver, CO 80205"
40852723293,Regina's Grocery - SoHo,Regina's Grocery,NYC,reginasgrocery.com,"241 Mulberry St, New York, NY 10012"
40852723479,Regina's Grocery - Brooklyn,Regina's Grocery,NYC,reginasgrocery.com,"1063 Bedford Ave, Brooklyn, NY 11216"
40852723537,Regina's Grocery - UES,Regina's Grocery,NYC,reginasgrocery.com,"300 E 88th St, New York, NY 10128"
41018239107,ZHUZH ,ZHUZH BAR,SF,zhuzh.bar,"1548 California St, San Francisco, CA 94109"
41048586874,Bowery Road ,Bowery Road,NYC,boweryroad.com,132 4th ave
41079034135,Sweet Polly ,Sweet Polly,NYC,sweetpollynyc.com,"71 6th Ave, Brooklyn, NY 11217"
41166197059,Le Bernardin Privé ,Le Bernardin Privé,NYC,le-bernardinprive.com,153 w 51st st
41189108641,Brick Wine Bar ,Brick Wine Bar,NYC,brickwinebar.com,"21 Clinton St, New York, NY 10002"
41189110084,Taqueria Allende ,Taqueria Allende,NYC,taqueriaallendenyc.com,"2100 Frederick Douglass Blvd, New York, NY 10026"
41348564504,The Ramp Restaurant ,The Ramp Restaurant,SF,rampsf.com,"855 Terry Francois Boulevard San Francisco, CA 94158"
41437949966,Sunny's ,Sunny's,DEN,gmail.com,"2339 W 44th Ave., Denver, C) 80211"
41438003125,Seaborne ,Seaborne,NYC,,"228 Van Brunt St, Brooklyn, NY 11231"
41442429754,Tokyo Record Bar & Listening Room ,Tokyo Record Bar & Listening Room,NYC,tokyorecordbar.com,127 Macdougal St
41514285205,Akari,Akari Japanese Bistro,SF,akari-japanese.com,"1155 Folsom St, San Francisco, CA 94103"
41514344311,Corrida ,Corrida,DEN,corridaboulder.com,"1023 Walnut St STE 400, Boulder, CO 80302"
41540820065,Cocktail Bedstuy ,Cocktail Bedstuy,NYC,cocktailbedstuy.com,"305 Halsey St #2411, Brooklyn, NY 11216"
41559858060,Beanstalk Cafe - Bush St,Beanstalk Cafe - Bush St,SF,kobuksan.com,"724 Bush st San Francisco, CA 94108"
41609745831,Street ,Street Restaurant,SF,streetrestaurant.com,"2141 Polk St, San Francisco, CA 94109"
41624368054,C Burger Boulder ,C Burger,DEN,corridaboulder.com,"921 Pearl St, Boulder, CO 80302"
41632991248,CBar ,CBar,DEN,corridaboulder.com,"921 Pearl St, Boulder, CO 80302"
41703633542,Ula Restaurant & Tapas Bar ,Ula Restaurant & Tapas Bar,SF,ulasf.com,"450 Post St, San Francisco, CA 94102"
41950531468,Café Roca (NRO) ,Café Roca (NRO),CHS,caferoca.chs,"TBD Ashley River Rd, Charleston, SC 29407"
41950531590,The Corner Store CHS ,The Corner Store CHS,CHS,thecornerstore.chs,"1299 Ashley River Rd, Charleston, SC 29407"
42093978124,Sofia's Bagel BK ,Sofia's Bagel BK,NYC,sofiasbagel.com,"376 A Marcus Garvey Blvd, Brooklyn, NY 11221
"
42100306801,Ōwa (Venice),Ōwa,LA,owavenice.com,"1635 Abbot Kinney Blvd, Venice, CA 90291"
42368474930,Angelino Restaurant - Sausalito,Angelino Restaurant,SF,angelinorestaurant.com,"621 Bridgeway Sausalito, CA 94965"
42558499842,The Ribbon ,The Ribbon,NYC,theribbonnyc.com,"20 W 72nd St, New York, NY 10023
"
42558512658,Morning Vibes Cafe ,Morning Vibes Cafe,SF,gmail.com,"
1392 9th Ave, San Francisco, CA 94122"
42712953433,Cybelles - Oakland ,Cybelles - Oakland,SF,Cybellesfruitvale.com,"3465 Fruitvale Ave, Oakland, CA 94602"
42713400993,The Butcher's Daughter (West Hollywood) ,The Butcher's Daughter (West Hollywood),LA,,"8755 Melrose Ave, West Hollywood, CA 90069"
42830922006,Laws Whiskey House ,Laws Whiskey House,DEN,lawswhiskeyhouse.com,"80 W Arkansas Ave, Denver, CO 80223"
42911777352,Fonty's ,Fonty's,NYC,,"20 Christopher St, New York, NY 10014"
42920469248,The Dubliner ,The Dubliner,SF,gmail.com,"3838 24th St, San Francisco, CA 94114"
42920512612,Amelie Cafe  ,Amelie Cafe ,SF,ameliefairfax.com,"71 Broadway Blvd., Fairfax, Ca 94930"
42981340673,Sip + Co ,Sip + Co,NYC,sipandco.co,"41 W 58th St, New York, NY 10019"
42981688603,The Penrose ,The Penrose,NYC,penrosebar.com,"1590 2nd Ave, New York, NY"
42981688921,The Spaniard ,The Spaniard,NYC,thespaniardnyc.com,"190 W 4th st, New York, NY"
42985389075,The Monkey King ,The Monkey King,NYC,themonkeykingnyc.com,"1329 Willoughby Ave, Brooklyn, NY 11237
"
42986785693,Wilfie & Nell ,Wilfie & Nell,NYC,wilfieandnell.com,"228 W 4th St, New York, NY"
42986785853,Bua ,Bua,NYC,buabar.com,"122 - 126 Saint Marks Place, New York, NY"
43063042824,Abu Salim ,Abu Salim Middle Eastern Grill,SF,abusalimsf.com,"1599 Haight St, San Francisco, CA 94117"
43063043210,Old Jerusalem ,Old Jerusalem,SF,,"2966 Mission St, San Francisco, CA 94110"
43098770234,Magnolia ,Magnolia,SF,magnoliahaight.com,"1398 Haight St, San Francisco, CA 94117"
43098778715,Foghorn Taproom Divisadero ,Foghorn Taproom Divisadero,SF,www.foghorntaproom.com,"846 Divisadero St, San Francisco, CA 94117"
43156598890,Sami & Susu -Shifka,Sami & Susu,NYC,samiandsusu.com,190 Orchard Street
43157176601,Barney's Gourmet Hamburgers ,Barney's Gourmet Hamburgers,SF,gmail.com,"4138 24th St, San Francisco, CA 94114"
43157178425,Gusto ,Gusto,DEN,,"1691 N Raleigh St., 
Denver, CO 80204


"
43157940070,ChoLon Modern Asian Cuisine - Sloan's Lake ,ChoLon Modern Asian Cuisine - Sloan's Lake,DEN,,"1691 N Raleigh St., Denver, CO 80204"
43163667259,Birds ,Birds,NYC,birds-nyc.com,64 Downing St.
43265062150,Coyote Bohemio ,Coyote Bohemio,NYC,coyotebohemiony.com,"55-19 Myrtle Ave, Ridgewood, NY 11385"
43288823117,Bánh by Lauren ,Bánh by Lauren,NYC,banhbylauren.com,"42 Market St, New York, NY 10002"
43319579650,Fontainhas  ,Fonty's,NYC,,"28 Jay St, Brooklyn, NY 11201"
43347317279,Nook Tiny Cafe & Market ,Nook Tiny Cafe & Market,CHS,nooktinycafe.com,"267 Rutledge Ave, Charleston, SC, 29403"
43420106666,Olive & Finch Union Station ,Olive & Finch,DEN,oliveandfincheatery.com,"1552 E 17th Ave, Denver, CO 80218"
43476132900,The Red Window ,The Red Window,SF ,gmail.com,"500 Columbus Ave San Francisco, CA 94133"
43491131275,Back to Back ,Back to Back,SF,backtobacksf.com,"1257 Taylor St, San Francisco, CA 94108"
43491441757,Pasta Supply Co - Mission Location,Pasta Supply Co - Mission,SF,pastasupplyco.com," 3233 22nd St. San Francisco, SF 94110"
43491442076,Pasta Supply Co - Inner Richmond,Pasta Supply Co,SF,pastasupplyco.com,"236 Clement St San Francisco, CA 94118"
43595266711,Vamos. Vamos. (Main),Vamos. Vamos. (Main),LA,edgemar.la,"2917 Main St, Santa Monica, CA 90405"
43595339807,Alto Vino ,Alto Vino,SF,altovinosf.com,"1358 Mason St, San Francisco, CA 94133"
43635602462,Teranga  ,Teranga ,SF,gmail.com,"4 Embarcadero Ctr, San Francisco, CA 94111
"
43635627360,Follia ,Follia,NYC,follianyc.com,179 3rd Ave
43660559013,"Halcyon - MSA (Rarebird, Local Jones, B&GC",Halcyon,Den,halcyonhotelcherrycreek.com,"245 Columbine St, Denver, CO 80206"
43660559452,Carroll Place ,Carroll Place,NYC,carrollplacenyc.com,157 Bleecker St
43660621341,Ainslie BK ,Ainslie BK,NYC,ainsliebk.com,76 Ainslie St
43660683432,Osteria Cotta ,Osteria Cotta,NYC,cottanyc.com,513 Columbus Avenue
43662689439,Ainslie Bowery ,Ainslie Bowery,NYC,ainsliebowery.com,
43739672919,Le Garage Bakery - Sausalito  ,Le Garage Bakery - Sausalito ,SF,Legaragesausalito.com,"85 Liberty Ship Way #109, Sausalito, CA 94965"
43739877010,Chin Up Bar ,Chin Up Bar,NYC,gmail.com,"171 Chrystie St New York, NY 10002"
43739906414,Foreigner NYC ,Foreigner NYC,NYC,foreigner.nyc,"64 W 21st St, New York, NY 10010"
43827250258,La Contenta - Greenpoint,La Contenta,NYC,lacontentales.com,"102 Norfolk St, New York, NY 10002"
43827337265,Bageletto Too LLC - Polk ,Bageletto Too LLC,SF,bageletto.com,"2139 Polk St, San Francisco, CA 94109"
43827799677,Canary  ,Canary ,Den,www.hotelalpenrock.com,"550 Village Rd, Breckenridge, CO 80424"
43879920904,Mandrake Cafe ,Mandrake Cafe,NYC,mandrakecafenyc.com,
43895452179,Bella Blu ,Bella Blu,NYC ,bellablunyc.com,"967 Lexington Ave, New York, NY 10021"
43896764255,Edwin ,Edwin,Den,hotelalpenrock.com," 550 Village Rd, Breckenridge, CO 80424"
43896948093,Barberio Osteria ,Barberio Osteria,SF,barberiosf.com,"557 Valencia St, San Francisco, CA 94110"
43898920834,Alpenrock Coffee  ,Hotel Alpenrock,DEN,hotelalpenrock.com," 550 Village Rd, Breckenridge, CO 80424"
43898982996,The Carter Bar ,The Carter Bar,DEN,hotelalpenrock.com,"550 Village Rd, Breckenridge, CO 80424
"
43899057207,LITTLE SWEET ,Little Sweet Parent,SF,littlesweet.com,"1253 9th Avenue San Francisco, 94122"
43899104052,Matko ,Matko - 1 Market Street,SF,matkofood.com,"1 Market Street, Plates At One Market, San Francisco, CA "
44016786558,Matko - 1355 Market Street ,Matko - 1355 Market Street,SF,matkofood.com,"1355 Market Street San Francisco, CA 94103"
44018030477,Matko - 736 Valencia Street ,Matko - 736 Valencia Street,SF,matkofood.com,"736 Valencia Street San Francisco, CA 94110"
44074469957,Barney's Gourmet Hamburgers - Shattuck St ,Barney's Gourmet Hamburgers - Shattuck St,BER,www.barneyshamburgers.com,"1600 Shattuck Ave. #112, Berkeley, CA 94709"
44074593042,Barney's Gourmet Hamburgers - Piedmont ,Barney's Gourmet Hamburgers - Piedmont,OAK,www.barneyshamburgers.com,"4162 Piedmont Ave, Oakland, CA 94611"
44074715918,Barney's Gourmet Hamburgers - College Ave ,Barney's Gourmet Hamburgers - College Ave,OAK,www.barneyshamburgers.com,"5819 College Ave, Oakland, CA 94618"
44081202867,Barney's Gourmet Hamburgers - Solano Ave ,Barney's Gourmet Hamburgers - Solano Ave,BER,www.barneyshamburgers.com,"1591 Solano Ave, Berkeley, CA 94707"
44081381525,Nishaan ,Nishaan,NYC,eatnishaan.com,"160 1st Ave, New York, NY 10009
"
44081568000,Cabana Burgers and Shakes  ,Cabana Burgers and Shakes ,CHS,cabanaburgers.com,"1801 Crowne Commons Way, Johns Island, SC 29455"
44089266451,Bareburger - Yorkville,Bareburger (Parent),NYC,bareburger.com,N/A
44089734325,Bareburger  16,Bareburger (Parent),NYC,bareburger.com,N/A
44092625715,Bareburger - Dobbs Ferry,Bareburger (Parent),NYC,bareburger.com,N/A
44092933469,Bareburger - Darien,Bareburger - Darien,NYC,bareburger.com,N/A
44098445977,Bareburger - Bayside,Bareburger (Parent),NYC,bareburger.com,N/A
44206599823,Little Alley ,Little Alley,NYC,littlealley.nyc,"info@littlealley.nyc
"
44206721711,The Local Jones ,The Local Jones,Den,halcyonhotelcherrycreek.com,"249 Columbine St, Denver, CO 80206"
44206907572,Boys and Girls Club ,Boys and Girls Club,Den,bandgcdenver.com,"249 Columbine St, Denver, CO 80206"
44451540124,Wine & Company (CLOVER),Wine & Company,CHS,chswine.com,"441 Meeting St Ste. B, Charleston 29403"
44451837232,"Reading Room (Reading Room, by & by)",,NYC,,"16 E 46th St, New York, NY 10017"
44454041144,by & by,By & By,NYC,byandbynyc.com,"644 10th Ave, New York, NY 10036"
44491124288,Poke Tea House ,Poke Tea House,CHS,poketeahouse.com,"441 meeting st unit E, Charleston, South Carolina 29403"
44506531214,Gjusta Goods ,Gjusta Goods,LA,Gjusta.com,"324 Sunset Ave, Venice, CA"
44587525742,Gjusta Grocer ,Gjusta Grocer,LA,Gjusta.com,"105 Windward Ave, Venice, CA"
44798644588,Dynamo Donut - Marina Kiosk ,Dynamo Donut - Marina Kiosk,SF,dynamodonut.com,"110 Yacht Rd, San Francisco, CA 94123"
44865917753,Little Sweet - Inner Richmond ,Little Sweet - Inner Richmond,SF,little-sweet.com,"
1253 9th Ave, San Francisco, CA 94122"
44866289153,Daisy Dukes Honky Tonk,Daisy Dukes Honky Tonk,NYC,gmail.com,19 South William street
44951470436,Foghorn Taproom Irving St ,Richmond Republic Draught House,SF,richmondrepublicsf.com,"534 Irving St, San Francisco, CA 94121
"
44965300642,Chaat Dog ,Chaat Dog,NYC,www.chaatdog.com,"550 Vanderbilt Ave, Brooklyn, NY"
44977427303,Angiday ,Angiday,SF,angidaysf.com,"1797 Haight St, San Francisco, CA 94117"
45002288640,Bar Milagro ,Bar Milagro,NYC,,"29 Dunham Pl, Brooklyn, NY 11249
"
45054320443,Cafe Ruisseau (Beverly Hills) ,Cafe Ruisseau (Beverly Hills),LA,,"345 N Maple Dr, Beverly Hills, CA 90210"
45054320446,Cafe Ruisseau (Glendale) ,Cafe Ruisseau (Glendale),LA,,"801 N Brand Blvd, Glendale, CA 91203"
45092417638,Bread Head (Manhattan Beach),Bread Head (Manhattan Beach),LA,,"1129 Manhattan Ave, Manhattan Beach, CA 90266"
45144613556,SOMM Wine Bar (John’s Island) ,SOMM Wine Bar (John’s Island),CHS,sommchs.com,"700 Halcyon Lp, Johns Island, SC 29455"
45144964455,Alison ,Alison,NYC,alisonny.com,"21 Clinton St, New York, NY 10002, 2100 Frederick Douglass Blvd, New York, NY 10026, 110 St Marks Pl, New York, NY 10009, 1651 Lexington Ave, New York, NY 10029"
45193038687,Alison (East Harlem),Alison (East Harlem),NYC,alisonny.com,"1651 Lexington Ave, New York, NY 10029"
45417069917,Allegretto Al Forno ,Allegretto Al Forno,NYC,franciebrooklyn.com,132 Broadway
45417179173,Charm Coffee ,Charm Coffee,SF,,"1939 Ocean Ave, San Francisco, CA 94127"
45429560182,The Nosh Box ,The Nosh Box,SF,noshbox.com,"1116 Folsom St, San Francisco, CA 94103"
45429561687,Work & Class - Englewood,Work & Class RiNo,DEN,workandclassdenver.com,"900 E Hampden Ave, Englewood, CO 80113"
45429561734,"Dayshift, Englewood Work+Class ",Work & Class RiNo,DEN,workandclassdenver.com,"900 E Hampden Ave, Englewood, CO 80113"
45430064032,SOMM Wine Bar (Summerville) ,SOMM Wine Bar (Summerville),CHS,sommchs.com,tbd - new opening 
45489232768,The Alembic ,The Alembic,SF,alembicsf.com,"1725 Haight St, San Francisco, CA 94117"
45491256199,The Sea Star ,The Sea Star,SF,theseastarsf.com,"2289 3rd St, San Francisco, CA 94107"
45663571038,Handy and Hot ,Handy and Hot,CHS,handyandhot.com,"68 Wentworth St, Charleston, SC 29401
"
45664128417,Lenoir ,Lenoir,CHS,dineatlenoir.com,"68 Wentworth St, Charleston, SC 29401"
45664223409,Barrera's Cocina ,Barrera's Cocina,SF,www.barrerascocina.com,"900 Stanyan St, San Francisco, CA 94117"
45719758691,InoVino - Osteria & Vineria ,InoVino - Osteria & Vineria,SF,gmail.com,"108-B Carl St, San Francisco, CA 94117"
45968109593,Daytrip Counter ,Daytrip Counter,SF,daytripcounter.com,"4316 Telegraph Ave, Oakland, CA 94609"
45968496805,Le Soleil - Stonestown ,Le Soleil - Stonestown,SF,lesoleilsf.com,"3251 20th Ave 221 2nd Floor, San Francisco, CA 94132"
45968561553,Day Shift ,,DEN,,"900 E. Hampden Ave. Englewood, CO 80113"
45968808239,Work & Class Englewood ,Work & Class Englewood,DEN,www.workandclassdenver.com,"900 E. Hampden Ave. Englewood, CO 80113"
45969588378,Little Sweet - Go ,Little Sweet - Go,SF,littlesweet.com,"631 Merchant St, San Francisco, CA 94111"
45970844995,"Little Sweet - Union Square, Union Square",,SF,little-sweet.com,
46017250414,Blackbelly (Boulder) - Oct Deal,Blackbelly (Boulder),DEN,www.blackbelly.com,"1606 Conestoga St Suite 1, Boulder, CO 80301"
46040926340,Joe and John's Pizzeria - Bushwick,Joe and John's Pizzeria,NYC,joeandjohnsnyc.com,"59-10 Myrtle Ave, Ridgewood, NY 11385"
46041170611,Bub's Bakery ,Bub's Bakery,NYC,fishcheeksnyc.com,325 Lafayette Street
46110137652,Caprizza Ristorante ,Caprizza Ristorante,SF,sfcaprizza.com,"2706 24th St, San Francisco, CA 94110"
46206672704,Bar San Miguel ,bar san miguel,NYC,barsanmiguelbk.com,"307 Smith St, Brooklyn, NY 11231"
46207044479,Destapas ,Destapas,SF,destapas.com,"2708 24th St, San Francisco, CA 94110"
46257096724,Bucks Deli & Market ,Bucks Deli & Market,CHS,bucksdeli.com,"866 Island Park Dr Suite 105, Daniel Island, SC 29492"
46557835616,Sinombre - Question Mark Bar,Question Mark Bar,SF,questionmarksf.com,"312 Harriet St, San Francisco, CA 94103"
46557842974,Estia's Little Kitchen ,Estia's Little Kitchen,NYC,estiaslittlekitchen.com,"1615 Sag Harbor Bridgehampton Turnpike
Sag Harbor, New York 11963"
46637490550,Buena Vida Cantina On Belden ,Buena Vida Cantina On Belden ,SF,gmail.com,"56 Belden Place, San Francisco, CA 94104"
46698454846,"Little Sweet - Go, Financial District",Little Sweet - Go,SF,littlesweet.com,655 Montgomery St
46700927124,Little Sweet - FiDi ,Little Sweet - FiDi,SF,littlesweet.com,"224 Kearny St San Francisco, CA 94108"
46701054335,Little Sweet - Super (Valencia),Little Sweet - Super,SF,little-sweet.com,"790 Valencia St, San Francisco, CA 94110"
46709503660,Little Sweet - Mission Bay ,Little Sweet - Mission Bay,SF,littlesweet.com,"555 20th St Suite 1, San Francisco, CA 94107"
46709576763,Salud Tacos + Tequila  ,Salud Tacos + Tequila ,CHS,salud-chs.com,"1000 Tanner Ford Blvd. Ste 280. Hanahan, SC 29410"
46709596589,Spring Cafe Aspen - Aspen,Spring Cafe Aspen (Aspen Location),DEN,,"119 South Spring Street, Unit 101, Aspen, CO 81611
"
46736688815,Little Sweet - Inner Sunset ,Little Sweet - Inner Sunset,SF,www.little-sweet.com,"1253 9th Ave San Francisco, CA 94122"
46794646173,Little Sweet - CableCar Turnaround ,Little Sweet - CableCar Turnaround,SF,littlesweet.com,"28 Cyril Magnin St San Francisco, 94108"
46825398408,Little Sweet - Japantown ,Little Sweet - Japantown,SF,littlesweet.com,"1660 Geary Blvd Unit B, San Francisco, CA 94115"
46997416323,Parker Potrero ,Parker Potrero,SF,parkerpotrero.com,"1399 18th St, San Francisco, CA 94107"
47210329999,Incendio ,Incendio,SF,gmail.com,"518 S Van Ness Ave, San Francisco, CA 94110"
47453504936,Bearing West ,Bearing West,SF,bearingwestsf.com," 2325 Taraval St, San Francisco, CA 94116"
47539047331,Church and Union ,Church and Union,DEN,churchandunion.com,"1433 17th St #150, Denver, CO 80202"
47659904540,Gage & Tollner ,Gage & Tollner,NYC,gageandtollner.com,"372 Fulton St, Brooklyn, NY 11201"
47660342434,Seed + Mill ,Seed + Mill,NYC,seedandmill.com,"409 W 15th St, New York, NY 10011"
47660365358,American Bar ,American Bar,NYC ,americanbarnyc.com,"33 Greenwich Ave, New York, NY 10014"
47660424250,Le Veau d'Or ,Le Veau d'Or,NYC,frenchettenyc.com,"129 E 60th St, New York, NY"
47660466213,Gilberth's Latin Fusion ,Gilberth's Latin Fusion,SF,gmail.com,"2427 3rd St, San Francisco, CA 94107"
47720991564,The Wallace Lounge ,The Wallace Lounge,NYC ,thewallace.com,"242 W 76th St, New York, NY 10023"
47738970185,Crust Wood Fired Pizza ,Crust Wood Fired Pizza,CHS,crustwoodfiredpizza.com,"1956 Maybank Hwy #B, Charleston, SC 29412"
47739235906,Frenchette Bakery ,Frenchette Bakery,NYC,frenchettebakery.com,220 Church St
47739236699,Wild Cherry ,Wild Cherry,NYC,www.wildcherrynyc.com,38 Commerce st
47739358529,Frenchette bakery at the Whitney FSR ,Frenchette bakery at the Whitney FSR,NYC,frenchettebakerywhitney.com,99 Gansevoort
47820231953,Frenchette bakery at the Whitney QSR ,Frenchette bakery at the Whitney QSR,NYC,frenchettenyc.com,99 Gansevoort St
47820233304,Salumeria Rosi EV  ,Salumeria Rosi,NYC ,salumeriarosinyc.com,TBD 
47831452199,L'Arte del Gelato ,L'Arte del Gelato,NYC ,lartedelgelato.com,"75 9th Ave, New York, NY 10011"
47831610499,Buena Vida Cantina - Folsom ,Buena Vida Cantina - Folsom,SF,www.buenavidacantina.com,"860 Folsom St, San Francisco, CA 94107"
47872418566,Puya Tacos  ,Puya Tacos ,NYC ,puyatacos.com,"30 ROCKEFELLER PLAZA NEW YORK, NY 10112"
47879746314,Oak at Fourteenth ,Oak at Fourteenth,DEN,,"1400 Pearl St, Boulder, CO 80302
"
47880240259,C Burger Denver ,C Burger,DEN,www.cburger.com,"200 W Belleview Ave Unit 100, Englewood, CO 80110"
48147761937,Maria's Mexican Grill ,Maria's Mexican Grill,CHS,mariasjohnsisland.com,"2817 Maybank Hwy, Johns Island, SC 29455"
48147790656,Tinto ,Tinto Cafe,NYC,,"41 Monroe Street, New York, NY 10002"
48172085551,Zitouna  ,Zitouna ,SF,gmail.com,"2435 Clement St, San Francisco, CA 94121"
48474079102,Sunken Harbor ,Sunken Harbor,NYC,sunkenharbor.club,"372 Fulton St 2nd Floor, Brooklyn, NY 11201"
48536179562,Lavender Lake ,Lavender Lake,NYC,lavenderlake.com," 53 Broadway, Brooklyn, NY 11249"
48536398519,Lin & Daughters WV ,Lin & Daughters,NYC,linanddaughters.com,"181 W 4th St, New York, NY 10014"
48536401275,Coucou (Santa Monica),Coucou (Santa Monica),LA,coucou.la,"218 Main St, Venice, CA 90291"
48791273742,Le Rock ,Le Rock,NYC,www.lerocknyc.com,45 Rockefeller Plaza
48791368241,Kaminsky's Dessert Cafe ,Kaminsky's Dessert Cafe,CHS,kaminskys.com,"78 N Market St, Charleston, SC 29401"
48791373090,Olive & Finch Cherry Creek ,Olive & Finch,DEN,oliveandfincheatery.com,"3390 E 1st Ave, Denver, CO 80206"
48791373376,Little Finch 16th  ,Little Finch,DEN,oliveandfinch.com,"1490 16th St Mall, Denver, CO 80202"
48799069074,Ribalta (Ribalta/Amo Seafood),Ribalta,NYC,ribaltanyc.com,"48 E 12th St, New York, NY 10003"
48799119649,Manhatto ,Manhatto,NYC,," 783 9th Ave, New York, NY 10019"
48859432098,Pearlz Oyster Bar (CHS) ,Pearlz Oyster Bar (CHS),CHS,pearlzoysterbar.com,"153 E Bay St, Charleston, SC 29401"
48859545112,Pearlz Oyster Bar (Avondale) ,Pearlz Oyster Bar (Avondale),CHS,pearlzoysterbar.com,"9 Magnolia Rd, Charleston, SC 29407"
48878212663,Little Finch CSU ,Little Finch,DEN,oliveandfinch.com,"4777 National Western Dr, Denver, CO 80216"
48878212676,Ru Ru's Tacos & Tequila ,Ru Ru's Tacos & Tequila,CHS,rurustacosandtequila.com," 159 E Bay St, Charleston, SC 29401"
48886864492,Olive & Finch PAC ,Olive & Finch,DEN,oliveandfincheatery.com,"1000 14th St # 1B-1, Denver, CO 80204"
48886924550,L’imprimerie ,L’imprimerie,NYC,limprimerie.nyc,"1524 Myrtle Ave, Brooklyn, NY 11237"
48886928259,Bleu Coffee Lounge ,Bleu Coffe Lounge,SF,,"2035 Union St, San Francisco, CA 94123"
48886977442,Tbonz Gill & Grill (CHS) ,Tbonz Gill & Grill (CHS),CHS,tbonzgillandgrill.com,"80 N Market St, Charleston, SC 29401"
48886980618,RM 212  ,RM 212 ,SF,www.rm212sf.com,"690 Sacramento St San Francisco, CA 94111
"
48886981722,Olive & Finch Uptown ,Olive & Finch,DEN,oliveandfincheatery.com,"1000 14th St # 1B-1, Denver, CO 80204"
48886991134,Gazab ,Gazab,NYC,gazabnyc.com,179 Essex St
48887009165,Raoul’s ,Raoul’s,NYC,raouls.com,180 Prince St
48892466453,Tbonz Gill & Grill (West Ashley) ,Tbonz Gill & Grill (West Ashley),CHS,tbonzgillandgrill.com,"1668 Old Towne Rd, Charleston, SC 29407"
48943112320,Mari ,Mari,NYC ,marinyc.com,"679 9th Ave.
New York, NY 10036"
48945857307,Joe and John's Pizzeria - Ridgewood,Joe and John's Pizzeria,NYC,joeandjohnsnyc.com,"9-10 Myrtle Ave, Ridgewood, NY 11385"
48945864067,Peter's Lee Kitchen  ,Peter Lee’s Kitchen ,SF,,"690 Sacramento St. San Francisco, CA 94111"
48945980049,Kochi ,Kochi,NYC ,kochinyc.com,"652 10th Ave.
New York, NY 10036"
48951258184,Hwaro ,Hwaro,NYC ,hwaronyc.com,"776 8th Ave Floor 2, New York, NY 10036"
48951258961,Joe and John's Pizzeria - BK (NRO),Joe and John's Pizzeria,NYC,joeandjohnsnyc.com,"336 Knickerbocker Ave, Brooklyn, NY 11237"
48952738192,Gui ,Gui,NYC ,guinyc.com,"776 8th Ave, New York, NY 10036"
48959927130,Sushi Bistro ,Sushi Bistro,SF,sushibistro.com,"452 Balboa St, San Francisco, 94118
"
48983046247,Glory Days ,Glory Days,NYC,glorydaysnyc.com,"544 Union Ave, Brooklyn, NY 11211"
48987576222,Amo Seafood,Amo Seafood,NYC,ribaltanyc.com,"15 E 12th St, New York, NY 10003"
48987822859,Chanta casa de empanadas WV ,Chanta casa de empanadas,NYC ,,"39 W 23 St, New York, NY 10010"
48988032887,CouCou (West Hollywood) ,CouCou (West Hollywood),LA,coucou.la,"9045 Santa Monica Blvd, West Hollywood, CA 90069"
48988442223,Aqua Boil ,Aqua Boil,NYC,gmail.com,750 9th Avenue
49069870358,Chanta casa de empanadas HK ,Chanta casa de empanadas,NYC ,,"888 8th Ave, New York, NY 10019"
49069896846,Ggiata (Brentwood) ,Ggiata (Brentwood),LA,ggiata.com,"11640 San Vicente Blvd, Los Angeles, CA 90049"
49069953395,CouCou (Manhattan Beach),CouCou (Manhattan Beach),LA,coucou.la,"1131 Manhattan Ave, Manhattan Beach, CA 90266"
49133878191,ishq.nyc ,ishq.nyc,NYC,ishq.nyc,
49134497360,Kebabishq ,Kebabishq,NYC,kebabishq.com,
49448063159,The Restaurant at Chasing Rabbits ,Chasing Rabbits,MNT,chasingrabbitsvail.com," 141 E Meadow Dr ste 104, Vail, CO 81657"
49530768429,The Theatre at Chasing Rabbits ,The Theatre at Chasing Rabbits,MNT,chasingrabbitsvail.com,"141 E Meadow Dr ste 104, Vail, CO 81657"
49530830103,The Library at Chasing Rabbits ,The Library at Chasing Rabbits,MNT,chasingrabbitsvail.com,"141 E Meadow Dr ste 104, Vail, CO 81657"
49530891920,Sweet Basil Vail ,Sweet Basil Vail,MNT,sweetbasilvail.com," 193 Gore Creek Dr, Vail, CO 81657"
49530954035,Mountain Standard ,Mountain Standard,MNT,mtnstandard.com," 193 Gore Creek Dr CREEKSIDE, Vail, CO 81657
"